id,kind,title,path,url,role,current_or_superseded,effort,status,evidence_date,next_update,verified_source,sources,snapshot.as_of,snapshot.description
CAT-A01,roadmap,Catalyst comparison and context-research protocol,specs/catalyst-program-roadmap.md,https://github.com/pmanko/clinical-ai-validation-harness/blob/main/specs/catalyst-program-roadmap.md,authority,Current harness experiment owner,CAT-E01; CAT-E06; CAT-E07; CAT-E08,"Owns comparison scenarios, collection and reader interpretation.",2026-10-02,Maintain experiment requirements here; product behavior and delivery remain with their owners.,"Local documentation ownership reconciliation, 2 October 2026.","Local documentation ownership reconciliation, 2 October 2026.",2026-09-09,Dated evidence inventory. Each row retains its observation date; recorded next actions are historical unless linked to a maintained requirement owner. Use the OpenClinAI roadmap for current coordination.
CAT-A03,specification,Catalyst experiment specification,specs/008-catalyst-query-workbench/spec.md,https://github.com/pmanko/clinical-ai-validation-harness/blob/main/specs/008-catalyst-query-workbench/spec.md,authority,Current harness experiment owner,CAT-E02; CAT-E06; CAT-E08,Owns scenario evidence and evaluation boundaries; product and deployment acceptance have separate owners.,2026-10-02,Maintain experiment requirements here; product behavior and delivery remain with their owners.,"Local documentation ownership reconciliation, 2 October 2026.","Local documentation ownership reconciliation, 2 October 2026.",2026-09-09,Dated evidence inventory. Each row retains its observation date; recorded next actions are historical unless linked to a maintained requirement owner. Use the OpenClinAI roadmap for current coordination.
CAT-A05,feature plan,Catalyst experiment implementation plan,specs/008-catalyst-query-workbench/plan.md,https://github.com/pmanko/clinical-ai-validation-harness/blob/main/specs/008-catalyst-query-workbench/plan.md,authority,Current harness experiment owner,CAT-E01; CAT-E02,"Owns configured target consumption, capture and portable reporting work.",2026-10-02,Maintain experiment requirements here; product behavior and delivery remain with their owners.,"Local documentation ownership reconciliation, 2 October 2026.","Local documentation ownership reconciliation, 2 October 2026.",2026-09-09,Dated evidence inventory. Each row retains its observation date; recorded next actions are historical unless linked to a maintained requirement owner. Use the OpenClinAI roadmap for current coordination.
CAT-A06,design contract,Dashboard Builder binding interaction and visual design,,https://github.com/DIGI-UW/catalyst-ai/blob/b9d429f7b99945579efe09b0cd18bfaec30dacdd/docs/dashboard-builder-mvp-design.md,authority,Current binding design,CAT-E08,"Accepted design: Workbench/thread, sole SQL editor and result presentation, Dataset/Widget/Dashboard libraries, review panels, explicit publication receipts, accessibility. Final side-by-side acceptance remains open.",2026-08-26,Use as the Phase 3 browser comparison checklist; scope changes require explicit owner approval.,Merged Catalyst #82 at b9d429f; all five hosted jobs passed.,Merged Catalyst #82 at b9d429f; all five hosted jobs passed.,2026-09-09,Dated evidence inventory. Each row retains its observation date; recorded next actions are historical unless linked to a maintained requirement owner. Use the OpenClinAI roadmap for current coordination.
CAT-A07,interactive prototype,Retired Dashboard Builder prototypes,,https://github.com/DIGI-UW/catalyst-ai/blob/6c3451d3096de069c84ffad1a90a800189d59292/docs/dashboard-builder-mvp-design.md#prototype-retirement,evidence,Retired; requirements absorbed into the written binding design,CAT-E08,"Catalyst #84 removes the three obsolete HTML pages, support runtime, and server helper. The binding design accounts for retained requirements; the approved Workbench mock is CAT-A37.",2026-08-26,No implementation work; consult the written contract and approved preview.,Catalyst #84 merged as 6c3451d; reviewed removal and requirement-disposition table.,https://github.com/DIGI-UW/catalyst-ai/pull/84,2026-09-09,Dated evidence inventory. Each row retains its observation date; recorded next actions are historical unless linked to a maintained requirement owner. Use the OpenClinAI roadmap for current coordination.
CAT-A37,interactive prototype,Approved Catalyst staff Workbench design,site/public/catalyst-design/index.html,https://pmanko.github.io/clinical-ai-validation-harness/catalyst-design/,evidence,Current approved Workbench visual reference,CAT-E11,"Owner-frozen 9 September design: Explore and Saved work, resizable composer, nonmodal data browsing, neutral light/dark appearance, and Advanced mode. Fictional preview; no production requests.",2026-09-10,Compare the implemented UX against this preview at the local owner gate.,Approved preview published through GitHub Pages.,"[""https://github.com/pmanko/clinical-ai-validation-harness/pull/114""]",2026-09-09,Dated evidence inventory. Each row retains its observation date; recorded next actions are historical unless linked to a maintained requirement owner. Use the OpenClinAI roadmap for current coordination.
CAT-A18,rubric,Phase 1 human-readable reader rubric,datasets/validation/catalyst/catalyst-phase1-reader-rubric-v1.md,https://github.com/pmanko/clinical-ai-validation-harness/blob/2cf3de8/datasets/validation/catalyst/catalyst-phase1-reader-rubric-v1.md,authority,Current evaluation rubric,CAT-E06,"Review request fulfillment, SQL/results against static reference, retained context, clarification/unsupported behavior, and limitations; no score, rank, or forced winner.",2026-08-26,Freeze the same reviewed rubric with the new comparison and record reader identity.,Local read lines 3-22.,Local read lines 3-22.,2026-09-09,Dated evidence inventory. Each row retains its observation date; recorded next actions are historical unless linked to a maintained requirement owner. Use the OpenClinAI roadmap for current coordination.
CLIN-A01,roadmap or supporting authority,clinical-ai-validation-harness,README.md,https://github.com/pmanko/clinical-ai-validation-harness/blob/4053352dba3c57a10fcaa41f2f987bd9a14c6d40/README.md#L72,program-index,,,Milestone table is an index; later approved product roadmaps control architecture.,2026-08-26T20:07:14-07:00,Reconcile current-status claims with code and evidence; retain documented historical scope.,,Milestone table is an index; later approved product roadmaps control architecture.,2026-09-09,Dated evidence inventory. Each row retains its observation date; recorded next actions are historical unless linked to a maintained requirement owner. Use the OpenClinAI roadmap for current coordination.
CLIN-A02,roadmap or supporting authority,OpenMRS Dual-Provider Foundational Parity Roadmap,https://github.com/pmanko/openclinai.org/blob/main/specs/roadmap.md#5-track-a-openmrs-contribution-delivery,https://github.com/pmanko/clinical-ai-validation-harness/blob/4053352dba3c57a10fcaa41f2f987bd9a14c6d40/specs/artifacts/planning/openmrs-dual-provider-parity-roadmap.md#L16,requirement-authority,,,requirement authority,2026-07-25T08:17:28-07:00,Reconcile current-status claims with code and evidence; retain documented historical scope.,,,2026-09-09,Dated evidence inventory. Each row retains its observation date; recorded next actions are historical unless linked to a maintained requirement owner. Use the OpenClinAI roadmap for current coordination.
CLIN-A03,roadmap or supporting authority,OpenMRS Dual-Provider Foundational Parity Roadmap Status,https://github.com/pmanko/clinical-ai-validation-harness/blob/9b5b87ef67397fe7705b37467b98d3550c8d0e47/specs/artifacts/planning/openmrs-dual-provider-parity-roadmap-status.md,https://github.com/pmanko/clinical-ai-validation-harness/blob/4053352dba3c57a10fcaa41f2f987bd9a14c6d40/specs/artifacts/planning/openmrs-dual-provider-parity-roadmap-status.md#L20,status-authority,,,Current-boundary summary is stale relative to Aug 6 source pins and later merges.,2026-08-06T17:54:38-07:00,Reconcile current-status claims with code and evidence; retain documented historical scope.,,Current-boundary summary is stale relative to Aug 6 source pins and later merges.,2026-09-09,Dated evidence inventory. Each row retains its observation date; recorded next actions are historical unless linked to a maintained requirement owner. Use the OpenClinAI roadmap for current coordination.
CLIN-A04,roadmap or supporting authority,Dual-Provider Conformance Contract,specs/artifacts/planning/openmrs-dual-provider-conformance-contract.md,https://github.com/pmanko/clinical-ai-validation-harness/blob/4053352dba3c57a10fcaa41f2f987bd9a14c6d40/specs/artifacts/planning/openmrs-dual-provider-conformance-contract.md#L69,requirement-authority,,,requirement authority,2026-08-06T17:54:38-07:00,Reconcile current-status claims with code and evidence; retain documented historical scope.,,,2026-09-09,Dated evidence inventory. Each row retains its observation date; recorded next actions are historical unless linked to a maintained requirement owner. Use the OpenClinAI roadmap for current coordination.
CLIN-A05,roadmap or supporting authority,Dual-Provider Repository and Upstream Inventory,specs/artifacts/planning/openmrs-dual-provider-upstream-inventory.md,https://github.com/pmanko/clinical-ai-validation-harness/blob/4053352dba3c57a10fcaa41f2f987bd9a14c6d40/specs/artifacts/planning/openmrs-dual-provider-upstream-inventory.md#L128,historical-upstream-disposition,,,Last recorded integration/publication heads are older than current pins; use live GitHub for current state.,2026-08-06T17:54:38-07:00,Reconcile current-status claims with code and evidence; retain documented historical scope.,,Last recorded integration/publication heads are older than current pins; use live GitHub for current state.,2026-09-09,Dated evidence inventory. Each row retains its observation date; recorded next actions are historical unless linked to a maintained requirement owner. Use the OpenClinAI roadmap for current coordination.
CLIN-A06,roadmap or supporting authority,clinical-ai-validation-harness Constitution,.specify/memory/constitution.md,https://github.com/pmanko/clinical-ai-validation-harness/blob/4053352dba3c57a10fcaa41f2f987bd9a14c6d40/.specify/memory/constitution.md#L30,governance-authority,,,governance authority,2026-05-12T21:55:34-07:00,Reconcile current-status claims with code and evidence; retain documented historical scope.,,,2026-09-09,Dated evidence inventory. Each row retains its observation date; recorded next actions are historical unless linked to a maintained requirement owner. Use the OpenClinAI roadmap for current coordination.
CLIN-A07,roadmap or supporting authority,roadmap.canvas.tsx,specs/roadmap.canvas.tsx,https://github.com/pmanko/clinical-ai-validation-harness/blob/4053352dba3c57a10fcaa41f2f987bd9a14c6d40/specs/roadmap.canvas.tsx#L1,program-index,,,Several historical nodes describe replaced runtime designs; this is not an as-built status ledger.,2026-08-26T20:07:14-07:00,Reconcile current-status claims with code and evidence; retain documented historical scope.,,Several historical nodes describe replaced runtime designs; this is not an as-built status ledger.,2026-09-09,Dated evidence inventory. Each row retains its observation date; recorded next actions are historical unless linked to a maintained requirement owner. Use the OpenClinAI roadmap for current coordination.
CLIN-A08,roadmap or supporting authority,Feature 006 modular validation runner,specs/006-validation-harness-mvp/spec.md,,validation authority,,,"Owns configured API experiments, supplied/observed provenance, evaluation, review and portable offline reports.",2026-07-25T08:17:28-07:00,Verify isolation separately from product acceptance.,,"Scenario, artifact and review model current; hub-only transport and several deferred items are stale against dual-provider code.",2026-09-09,Dated evidence inventory. Each row retains its observation date; recorded next actions are historical unless linked to a maintained requirement owner. Use the OpenClinAI roadmap for current coordination.
CLIN-A10,roadmap or supporting authority,verify_dual_provider_parity_gates.py,https://github.com/pmanko/openclinai.org/blob/main/scripts/verify_dual_provider_parity_gates.py,https://github.com/pmanko/openclinai.org/blob/main/scripts/verify_dual_provider_parity_gates.py,umbrella release verification,,,Current release gate lives in OpenClinAI; no --phase interface.,2026-08-06T17:54:38-07:00,Run from the umbrella root against separately prepared evidence.,,,2026-09-09,Dated evidence inventory. Each row retains its observation date; recorded next actions are historical unless linked to a maintained requirement owner. Use the OpenClinAI roadmap for current coordination.
CLIN-A11,roadmap or supporting authority,Cross-project metadata guide,specs/artifacts/planning/metadata-schema.md,https://github.com/pmanko/clinical-ai-validation-harness/blob/4053352dba3c57a10fcaa41f2f987bd9a14c6d40/specs/artifacts/planning/metadata-schema.md#L104,schema-guide,,,Emitter-owned machine contracts outrank this explanatory Markdown.,2026-08-26T20:07:14-07:00,Reconcile current-status claims with code and evidence; retain documented historical scope.,,Emitter-owned machine contracts outrank this explanatory Markdown.,2026-09-09,Dated evidence inventory. Each row retains its observation date; recorded next actions are historical unless linked to a maintained requirement owner. Use the OpenClinAI roadmap for current coordination.
CLIN-A29,roadmap or supporting authority,Real ChartSearchAI medication-history smoke protocol,specs/006-validation-harness-mvp/spec.md,,validation protocol,,,"Feature 006 owns SC-004.4 and its fixture, evidence and browser-check boundaries.",2026-07-25T08:17:28-07:00,Verify each claimed provider against a reviewed populated fixture and the real product interface.,,,2026-09-09,Dated evidence inventory. Each row retains its observation date; recorded next actions are historical unless linked to a maintained requirement owner. Use the OpenClinAI roadmap for current coordination.
CLIN-A39,roadmap or supporting authority,Citation And Evidence UX Research Note,specs/artifacts/planning/citation-evidence-ux-research-2026-06-27.md,https://github.com/pmanko/clinical-ai-validation-harness/blob/4053352dba3c57a10fcaa41f2f987bd9a14c6d40/specs/artifacts/planning/citation-evidence-ux-research-2026-06-27.md#L1,research-history,,,research history,2026-07-10T11:07:24-10:00,Reconcile current-status claims with code and evidence; retain documented historical scope.,,,2026-09-09,Dated evidence inventory. Each row retains its observation date; recorded next actions are historical unless linked to a maintained requirement owner. Use the OpenClinAI roadmap for current coordination.
CLIN-A45,roadmap or supporting authority,AMIE management-evaluation layer: detailed implementation plan,specs/artifacts/planning/amie-management-axes-plan.md,https://github.com/pmanko/clinical-ai-validation-harness/blob/4053352dba3c57a10fcaa41f2f987bd9a14c6d40/specs/artifacts/planning/amie-management-axes-plan.md#L7,proposal,,,proposal,2026-07-25T08:17:28-07:00,Reconcile current-status claims with code and evidence; retain documented historical scope.,,,2026-09-09,Dated evidence inventory. Each row retains its observation date; recorded next actions are historical unless linked to a maintained requirement owner. Use the OpenClinAI roadmap for current coordination.
CLIN-A46,roadmap or supporting authority,Scoring the low-resource target domain: harness extension plan,specs/artifacts/planning/amie-management-axes-brief.md,https://github.com/pmanko/clinical-ai-validation-harness/blob/4053352dba3c57a10fcaa41f2f987bd9a14c6d40/specs/artifacts/planning/amie-management-axes-brief.md#L5,proposal,,,proposal,2026-07-10T11:07:24-10:00,Reconcile current-status claims with code and evidence; retain documented historical scope.,,,2026-09-09,Dated evidence inventory. Each row retains its observation date; recorded next actions are historical unless linked to a maintained requirement owner. Use the OpenClinAI roadmap for current coordination.
CLIN-A56,roadmap or supporting authority,Clinical context and deterministic evaluation protocol,specs/006-validation-harness-mvp/spec.md,,validation protocol,,,"Feature 006 owns MAH-CONSOLIDATION-2026-07-09-v1:G09/G21, including reviewed-suite thresholds and record-level evidence.",2026-07-25T08:17:28-07:00,Run context/date/temporal checks and compare the candidate against a reviewed comparable baseline.,,,2026-09-09,Dated evidence inventory. Each row retains its observation date; recorded next actions are historical unless linked to a maintained requirement owner. Use the OpenClinAI roadmap for current coordination.
CLIN-A57,roadmap or supporting authority,Hub Consolidation Roadmap Status,specs/artifacts/planning/hub-consolidation-roadmap-status.md,https://github.com/pmanko/clinical-ai-validation-harness/blob/4053352dba3c57a10fcaa41f2f987bd9a14c6d40/specs/artifacts/planning/hub-consolidation-roadmap-status.md#L1,historical-status,,,historical status,2026-07-25T08:17:28-07:00,Reconcile current-status claims with code and evidence; retain documented historical scope.,,,2026-09-09,Dated evidence inventory. Each row retains its observation date; recorded next actions are historical unless linked to a maintained requirement owner. Use the OpenClinAI roadmap for current coordination.
OE-ROADMAP,integration roadmap,OpenELIS–Catalyst four reporting pathways,https://github.com/pmanko/openclinai.org/blob/main/specs/roadmap.md#6-catalyst-delivery,https://github.com/pmanko/openclinai.org/blob/main/specs/roadmap.md#6-catalyst-delivery,external-authority,Current umbrella delivery owner,OE-reporting; OE-lane-1; OE-lane-2; OE-lane-3; OE-lane-4,Delivery requirements and acceptance are maintained in OpenClinAI.,2026-10-02,Consult the linked owner for current delivery state; do not duplicate its checklist here.,,Ownership migration; no new runtime verification.,2026-09-09,Dated evidence inventory. Each row retains its observation date; recorded next actions are historical unless linked to a maintained requirement owner. Use the OpenClinAI roadmap for current coordination.
